bits,numberCount,run_id,part1_time,part1_pct,part2_time,part2_pct,part3_time,part3_pct,avg_time
1,50000000,1,0.24690752,24.3171646,1.17e-06,0.00011562,0.7684463,75.6819206,
1,50000000,2,0.24758849,24.35227472,1.93e-06,0.00018989,0.7690977,75.64680495,
1,50000000,3,0.24731551,24.39896976,1.22e-06,0.00012068,0.76630666,75.6001634,
1,50000000,4,0.24794451,24.37927914,2.03e-06,0.00019977,0.76907622,75.61983883,
1,50000000,5,0.24626001,24.26367929,1.12e-06,0.00011062,0.76866484,75.73554991,
1,50000000,avg,0.24720321,24.34227559,1.5e-06,0.00014736,0.76831835,75.65685342,
1,50000000,avg,,,,,,,1.01553
1,70000000,1,0.34507009,24.27260569,1.3e-06,9.142e-05,1.0765664,75.72685179,
1,70000000,2,0.3463789,24.33338859,1.87e-06,0.00013105,1.07708492,75.66605797,
1,70000000,3,0.34493266,24.24978837,1.42e-06,9.952e-05,1.07747576,75.74973962,
1,70000000,4,0.34660837,24.34225733,1.63e-06,0.00011466,1.0772793,75.65717452,
1,70000000,5,0.34534614,24.29946813,1.31e-06,9.23e-05,1.07585478,75.69998898,
1,70000000,avg,0.34566723,24.29951848,1.51e-06,0.0001058,1.07685223,75.69994571,
1,70000000,avg,,,,,,,1.422527
1,90000000,1,0.44717394,24.39317929,1.39e-06,7.598e-05,1.38600958,75.60632927,
1,90000000,2,0.44896442,24.47894098,2.03e-06,0.0001109,1.38511087,75.52056634,
1,90000000,3,0.44643797,24.4000769,1.41e-06,7.719e-05,1.38321173,75.59946763,
1,90000000,4,0.44857732,24.47815898,2.06e-06,0.00011224,1.38397579,75.52138338,
1,90000000,5,0.44831553,24.48554376,1.75e-06,9.583e-05,1.38261497,75.51395709,
1,90000000,avg,0.44789383,24.44718968,1.73e-06,9.443e-05,1.38418459,75.55233104,
1,90000000,avg,,,,,,,1.832087
1,110000000,1,0.54693163,24.3795022,1.96e-06,8.745e-05,1.69646822,75.62014849,
1,110000000,2,0.54893527,24.44526899,2.3e-06,0.00010256,1.69662539,75.55437939,
1,110000000,3,0.54679223,24.36748562,1.75e-06,7.811e-05,1.69714188,75.63216485,
1,110000000,4,0.54885027,24.41902223,1.88e-06,8.372e-05,1.69877554,75.58060969,
1,110000000,5,0.54712936,24.37978959,1.72e-06,7.686e-05,1.69705442,75.61983098,
1,110000000,avg,0.54772775,24.39822787,1.92e-06,8.574e-05,1.69721309,75.60141254,
1,110000000,avg,,,,,,,2.244949
1,130000000,1,0.64735544,24.36517349,1.39e-06,5.242e-05,2.00952426,75.63450377,
1,130000000,2,0.65071031,24.48159433,1.61e-06,6.069e-05,2.0072405,75.51816329,
1,130000000,3,0.64785899,24.36109265,1.18e-06,4.448e-05,2.01153422,75.63863731,
1,130000000,4,0.65051275,24.46903203,1.37e-06,5.167e-05,2.00799503,75.53071697,
1,130000000,5,0.6487019,24.37073322,1.13e-06,4.244e-05,2.01309849,75.6290157,
1,130000000,avg,0.64902788,24.40951471,1.34e-06,5.034e-05,2.0098785,75.59021785,
1,130000000,avg,,,,,,,2.658913
1,150000000,1,0.75151587,24.4944795,1.18e-06,3.844e-05,2.31657812,75.50522509,
1,150000000,2,0.75293303,24.55902214,1.87e-06,6.106e-05,2.31286927,75.44071707,
1,150000000,3,0.74979211,24.4860409,1.19e-06,3.892e-05,2.31232205,75.51374769,
1,150000000,4,0.7536505,24.54553207,1.97e-06,6.421e-05,2.31676113,75.45425147,
1,150000000,5,0.74956084,24.45939489,1.23e-06,4.027e-05,2.31494367,75.54039458,
1,150000000,avg,0.75149047,24.50891245,1.49e-06,4.859e-05,2.31469485,75.49084862,
1,150000000,avg,,,,,,,3.066193
1,170000000,1,0.84938867,24.448906,1.18e-06,3.407e-05,2.62473566,75.55070841,
1,170000000,2,0.85289956,24.53758237,1.63e-06,4.693e-05,2.62298473,75.46223146,
1,170000000,3,0.8495854,24.37479195,1.83e-06,5.254e-05,2.63590956,75.6248252,
1,170000000,4,0.85266393,24.50644466,2.12e-06,6.102e-05,2.62667556,75.49337712,
1,170000000,5,0.84997073,24.47797169,1.21e-06,3.489e-05,2.62241311,75.52184018,
1,170000000,avg,0.85090166,24.46909482,1.6e-06,4.59e-05,2.62654372,75.53064093,
1,170000000,avg,,,,,,,3.477455
1,190000000,1,0.94935599,24.43650939,1.22e-06,3.152e-05,2.93562421,75.56323379,
1,190000000,2,0.95355407,24.47662048,1.75e-06,4.48e-05,2.94221033,75.52310658,
1,190000000,3,0.95085014,24.44577124,1.2e-06,3.086e-05,2.93877014,75.55397003,
1,190000000,4,0.95298656,24.46695335,1.9e-06,4.889e-05,2.94199964,75.53282568,
1,190000000,5,0.94917036,24.39237847,1.29e-06,3.317e-05,2.942079,75.60740146,
1,190000000,avg,0.95118342,24.44366084,1.47e-06,3.786e-05,2.94013666,75.55609326,
1,190000000,avg,,,,,,,3.89133
1,210000000,1,1.0506033,24.4097827,1.19e-06,2.772e-05,3.25341487,75.590044,
1,210000000,2,1.05362982,24.4324685,1.79e-06,4.157e-05,3.25877754,75.56731769,
1,210000000,3,1.04935553,24.38205376,1.21e-06,2.813e-05,3.25443977,75.61777028,
1,210000000,4,1.05188188,24.41011833,1.93e-06,4.467e-05,3.25731414,75.58968806,
1,210000000,5,1.04933714,24.38854021,1.23e-06,2.863e-05,3.25323922,75.6113093,
1,210000000,avg,1.05096154,24.4046062,1.47e-06,3.415e-05,3.25543711,75.59521235,
1,210000000,avg,,,,,,,4.306406
1,230000000,1,1.15350696,24.4974802,1.23e-06,2.619e-05,3.55516083,75.5023463,
1,230000000,2,1.15845746,24.56610644,1.83e-06,3.885e-05,3.55720971,75.43375203,
1,230000000,3,1.15475778,24.51431332,1.15e-06,2.446e-05,3.55577983,75.48552816,
1,230000000,4,1.15858808,24.52703587,2.06e-06,4.366e-05,3.56512412,75.47283498,
1,230000000,5,1.15459825,24.49688129,1.07e-06,2.273e-05,3.55864155,75.50298946,
1,230000000,avg,1.15598171,24.52037623,1.47e-06,3.119e-05,3.55838321,75.4794774,
1,230000000,avg,,,,,,,4.714372
1,250000000,1,1.25586593,24.53378103,1.15e-06,2.251e-05,3.86305316,75.46609741,
1,250000000,2,1.26019012,24.57336028,1.46e-06,2.855e-05,3.86808157,75.42652546,
1,250000000,3,1.25542014,24.50531528,1.17e-06,2.284e-05,3.86762559,75.49455486,
1,250000000,4,1.25962364,24.58646266,1.56e-06,3.05e-05,3.8636109,75.4134188,
1,250000000,5,1.25726222,24.54036972,1.17e-06,2.274e-05,3.86597327,75.45952761,
1,250000000,avg,1.25767241,24.54786549,1.3e-06,2.543e-05,3.8656689,75.45201713,
1,250000000,avg,,,,,,,5.123347
1,270000000,1,1.34708733,24.33565867,1.8e-06,3.245e-05,4.18835138,75.66420306,
1,270000000,2,1.35127483,24.40676035,2.41e-06,4.362e-05,4.1851957,75.59311109,
1,270000000,3,1.34702512,24.31156942,2.21e-06,3.995e-05,4.19364266,75.68829516,
1,270000000,4,1.35049015,24.37831784,2.4e-06,4.34e-05,4.18922065,75.62154547,
1,270000000,5,1.34913857,24.37474253,1.63e-06,2.951e-05,4.18583973,75.62511938,
1,270000000,avg,1.3490032,24.36140443,2.09e-06,3.779e-05,4.18845002,75.63846017,
1,270000000,avg,,,,,,,5.537461
1,290000000,1,1.45758445,24.52031135,1.9e-06,3.202e-05,4.48680448,75.47956701,
1,290000000,2,1.46232622,24.57491261,2.22e-06,3.734e-05,4.48815043,75.4249654,
1,290000000,3,1.45650089,24.53455616,1.6e-06,2.687e-05,4.48002058,75.46532723,
1,290000000,4,1.46256058,24.61394632,2.28e-06,3.841e-05,4.47943072,75.38591478,
1,290000000,5,1.45777006,24.53041529,1.74e-06,2.935e-05,4.48492725,75.46946585,
1,290000000,avg,1.45934844,24.55483445,1.95e-06,3.28e-05,4.48386669,75.44504195,
1,290000000,avg,,,,,,,5.943222
1,310000000,1,1.55265407,24.41013622,1.19e-06,1.876e-05,4.80803279,75.5897514,
1,310000000,2,1.5562195,24.43299604,1.64e-06,2.579e-05,4.81310907,75.5668945,
1,310000000,3,1.55308847,24.40900237,1.17e-06,1.844e-05,4.80966649,75.59077469,
1,310000000,4,1.55534016,24.40695502,1.84e-06,2.891e-05,4.81718148,75.59293781,
1,310000000,5,1.55055888,24.36558888,1.1e-06,1.736e-05,4.81315877,75.634308,
1,310000000,avg,1.55357222,24.40494059,1.39e-06,2.185e-05,4.81222972,75.5949284,
1,310000000,avg,,,,,,,6.36581
1,330000000,1,1.6674151,24.59361774,1.36e-06,2.009e-05,5.11244582,75.4062608,
1,330000000,2,1.67007001,24.65138619,1.99e-06,2.93e-05,5.10467224,75.34848603,
1,330000000,3,1.66386077,24.57252195,1.35e-06,1.994e-05,5.10735604,75.42735594,
1,330000000,4,1.67095635,24.66841361,1.56e-06,2.308e-05,5.10270361,75.33147293,
1,330000000,5,1.66197462,24.54423822,1.54e-06,2.28e-05,5.10936175,75.45566016,
1,330000000,avg,1.66685537,24.60604138,1.56e-06,2.304e-05,5.10730789,75.39384134,
1,330000000,avg,,,,,,,6.774171
1,350000000,1,1.7529949,24.39977463,1.2e-06,1.675e-05,5.43147017,75.60013337,
1,350000000,2,1.75780131,24.43145409,1.8e-06,2.507e-05,5.43702072,75.56845104,
1,350000000,3,1.75242948,24.38553327,1.22e-06,1.7e-05,5.43391313,75.61438054,
1,350000000,4,1.75692606,24.40463076,2.18e-06,3.021e-05,5.44221776,75.59527879,
1,350000000,5,1.75325296,24.39802626,1.46e-06,2.035e-05,5.43278518,75.60188899,
1,350000000,avg,1.75468094,24.40389083,1.57e-06,2.188e-05,5.43548139,75.59601951,
1,350000000,avg,,,,,,,7.190169
1,370000000,1,1.86879999,24.59623983,1.18e-06,1.557e-05,5.72910052,75.40364443,
1,370000000,2,1.8705257,24.61792804,2.08e-06,2.743e-05,5.72769209,75.38196967,
1,370000000,3,1.87223776,24.65499018,1.18e-06,1.56e-05,5.72150298,75.34491754,
1,370000000,4,1.87332423,24.64314333,2.34e-06,3.082e-05,5.72847467,75.35674829,
1,370000000,5,1.86674122,24.59068422,1.17e-06,1.542e-05,5.72450455,75.40921154,
1,370000000,avg,1.87032578,24.62060088,1.59e-06,2.097e-05,5.72625496,75.37929453,
1,370000000,avg,,,,,,,7.596589
1,390000000,1,1.9670257,24.57832859,1.2e-06,1.501e-05,6.03605595,75.42156993,
1,390000000,2,1.97310905,24.63215335,1.42e-06,1.778e-05,6.03718236,75.36775623,
1,390000000,3,1.96273705,24.52213566,1.09e-06,1.363e-05,6.04119612,75.47777787,
1,390000000,4,1.97327534,24.61235103,1.61e-06,2.013e-05,6.04413589,75.38755036,
1,390000000,5,1.96627329,24.55942301,1.08e-06,1.35e-05,6.03990739,75.44050031,
1,390000000,avg,1.96848409,24.58089592,1.28e-06,1.601e-05,6.03969554,75.41901335,
1,390000000,avg,,,,,,,8.008187
1,410000000,1,2.07376976,24.60036937,1.46e-06,1.737e-05,6.35605383,75.39953333,
1,410000000,2,2.07994026,24.66090359,1.56e-06,1.853e-05,6.354213,75.33900711,
1,410000000,3,2.07271626,24.63178258,1.24e-06,1.476e-05,6.34208099,75.36813542,
1,410000000,4,2.08393958,24.73709304,1.91e-06,2.262e-05,6.34040335,75.26280958,
1,410000000,5,2.07409812,24.62461986,1.2e-06,1.427e-05,6.34875907,75.37530511,
1,410000000,avg,2.0768928,24.6509547,1.48e-06,1.751e-05,6.34830205,75.3489571,
1,410000000,avg,,,,,,,8.425202
1,430000000,1,2.15145116,24.36763315,1.71e-06,1.941e-05,6.67767515,75.63227144,
1,430000000,2,2.16067093,24.43527719,2.01e-06,2.278e-05,6.68174688,75.5646476,
1,430000000,3,2.15141139,24.35945262,1.97e-06,2.234e-05,6.68051833,75.64047059,
1,430000000,4,2.17337687,24.52438979,3.02e-06,3.407e-05,6.68871764,75.47550596,
1,430000000,5,2.16529424,24.54371216,1.49e-06,1.693e-05,6.65689388,75.45620562,
1,430000000,avg,2.16044092,24.44612732,2.04e-06,2.312e-05,6.67711038,75.55378589,
1,430000000,avg,,,,,,,8.837559
1,450000000,1,2.27704615,24.69870892,1.29e-06,1.402e-05,6.94223834,75.30120719,
1,450000000,2,2.28216315,24.69932774,1.68e-06,1.822e-05,6.95759414,75.30044373,
1,450000000,3,2.26073496,24.47622053,1.28e-06,1.389e-05,6.97571188,75.52369711,
1,450000000,4,2.27514529,24.62142556,1.67e-06,1.808e-05,6.96535717,75.37849304,
1,450000000,5,2.27172426,24.61059722,1.75e-06,1.899e-05,6.95894236,75.38931129,
1,450000000,avg,2.27336276,24.62123417,1.54e-06,1.664e-05,6.95996878,75.37865228,
1,450000000,avg,,,,,,,9.233342
1,470000000,1,2.36362044,24.56976361,1.16e-06,1.207e-05,7.25640959,75.43016013,
1,470000000,2,2.37304257,24.58707151,1.99e-06,2.066e-05,7.27853658,75.41284847,
1,470000000,3,2.37749887,24.50010066,1.2e-06,1.24e-05,7.32653077,75.4998218,
1,470000000,4,2.42976136,24.70044865,2.58e-06,2.627e-05,7.40714166,75.29946164,
1,470000000,5,2.42301257,24.67498102,1.46e-06,1.491e-05,7.39669207,75.32492347,
1,470000000,avg,2.39338716,24.60697714,1.68e-06,1.729e-05,7.33306213,75.39293899,
1,470000000,avg,,,,,,,9.726457
2,50000000,1,0.26020209,24.65161925,1.85e-06,0.00017484,0.79530635,75.3475457,
2,50000000,2,0.2603526,24.69018035,2.08e-06,0.00019762,0.79411758,75.3090483,
2,50000000,3,0.25963493,24.63907936,1.31e-06,0.00012471,0.79410817,75.36002202,
2,50000000,4,0.26042956,24.6370079,1.64e-06,0.00015524,0.79662801,75.36214687,
2,50000000,5,0.2596793,24.61502107,1.11e-06,0.00010536,0.79527503,75.38418309,
2,50000000,avg,0.2600597,24.64657602,1.6e-06,0.00015156,0.79508703,75.35259477,
2,50000000,avg,,,,,,,1.055155
2,70000000,1,0.35668041,24.2534566,1.15e-06,7.821e-05,1.11394792,75.74592427,
2,70000000,2,0.34718947,24.02019486,1.98e-06,0.00013708,1.0982067,75.97908617,
2,70000000,3,0.3414895,23.99891925,1.13e-06,7.946e-05,1.08143958,76.00052468,
2,70000000,4,0.34238227,24.05275019,1.93e-06,0.00013563,1.08106597,75.94613481,
2,70000000,5,0.34156377,24.0013099,1.02e-06,7.159e-05,1.08153325,75.99815003,
2,70000000,avg,0.34586108,24.0664315,1.44e-06,0.00010036,1.09123868,75.9328592,
2,70000000,avg,,,,,,,1.43711
2,90000000,1,0.44371918,24.2712579,1.43e-06,7.83e-05,1.38443972,75.72828786,
2,90000000,2,0.44566199,24.3581066,2.01e-06,0.00011013,1.38395403,75.64140703,
2,90000000,3,0.44464532,24.35335546,1.24e-06,6.805e-05,1.38115371,75.64619563,
2,90000000,4,0.44528018,24.33262858,2.28e-06,0.00012474,1.38468229,75.66687595,
2,90000000,5,0.44357501,24.30459069,1.41e-06,7.744e-05,1.38148375,75.69496964,
2,90000000,avg,0.44457634,24.32399399,1.68e-06,9.175e-05,1.3831427,75.67554106,
2,90000000,avg,,,,,,,1.827728
2,110000000,1,0.54567559,24.25247287,1.18e-06,5.265e-05,1.70429576,75.74717929,
2,110000000,2,0.54825473,24.36169242,1.9e-06,8.455e-05,1.7022164,75.63796495,
2,110000000,3,0.54758157,24.30106874,1.08e-06,4.807e-05,1.70573496,75.69864467,
2,110000000,4,0.54926317,24.38871291,1.66e-06,7.39e-05,1.7028496,75.61094967,
2,110000000,5,0.54590033,24.26294018,9.5e-07,4.228e-05,1.70402766,75.73675811,
2,110000000,avg,0.54733508,24.31339044,1.36e-06,6.029e-05,1.70382487,75.68628632,
2,110000000,avg,,,,,,,2.251167
2,130000000,1,0.64534498,24.38347205,1.19e-06,4.499e-05,2.00129768,75.6162788,
2,130000000,2,0.64865775,24.5095261,1.021e-05,0.00038572,1.99787917,75.48984286,
2,130000000,3,0.64494027,24.40085642,1.18e-06,4.475e-05,1.99815848,75.59890486,
2,130000000,4,0.64721405,24.45361857,1.95e-06,7.351e-05,1.99948002,75.54613744,
2,130000000,5,0.64512324,24.41623159,1.18e-06,4.471e-05,1.99706131,75.5835599,
2,130000000,avg,0.64625606,24.43275458,3.14e-06,0.00011878,1.99877533,75.56693108,
2,130000000,avg,,,,,,,2.64504
2,150000000,1,0.74574928,24.41740093,1.19e-06,3.903e-05,2.30841473,75.58235604,
2,150000000,2,0.74950456,24.50287868,1.81e-06,5.93e-05,2.30933161,75.49690146,
2,150000000,3,0.74685512,24.40202316,1.14e-06,3.72e-05,2.31376485,75.59771956,
2,150000000,4,0.74975864,24.47176218,1.87e-06,6.115e-05,2.31400655,75.52806286,
2,150000000,5,0.74630999,24.41635299,1.16e-06,3.809e-05,2.31028161,75.58340646,
2,150000000,avg,0.74763552,24.44209979,1.44e-06,4.696e-05,2.31115987,75.55767309,
2,150000000,avg,,,,,,,3.058802
2,170000000,1,0.88212213,24.74616181,1.19e-06,3.349e-05,2.6825511,75.2535746,
2,170000000,2,0.88719949,24.84870809,2.32e-06,6.5e-05,2.68319556,75.15101662,
2,170000000,3,0.88270169,24.75289768,1.18e-06,3.317e-05,2.68334358,75.24685841,
2,170000000,4,0.88573793,24.81271677,2.08e-06,5.815e-05,2.68394624,75.18702255,
2,170000000,5,0.88159572,24.74565447,1.91e-06,5.371e-05,2.68102334,75.25408285,
2,170000000,avg,0.88387139,24.78126018,1.74e-06,4.871e-05,2.68281196,75.21847858,
2,170000000,avg,,,,,,,3.566693
2,190000000,1,0.95511048,24.53650238,1.2e-06,3.088e-05,2.93749156,75.4632788,
2,190000000,2,0.95543624,24.53356374,1.75e-06,4.502e-05,2.93896042,75.46623219,
2,190000000,3,0.94706797,24.42289058,1.18e-06,3.049e-05,2.93071252,75.57691053,
2,190000000,4,0.95153522,24.50588123,1.55e-06,4.001e-05,2.93134222,75.4939204,
2,190000000,5,0.9449826,24.36213669,1.07e-06,2.756e-05,2.93390834,75.63766379,
2,190000000,avg,0.9508265,24.47229903,1.35e-06,3.48e-05,2.93448301,75.52749703,
2,190000000,avg,,,,,,,3.885317
2,210000000,1,1.04715444,24.40907007,1.67e-06,3.9e-05,3.24285908,75.59073605,
2,210000000,2,1.05142922,24.50685099,1.69e-06,3.944e-05,3.2389116,75.4929791,
2,210000000,3,1.04601834,24.40149873,1.69e-06,3.951e-05,3.24067247,75.59835443,
2,210000000,4,1.05110806,24.47456768,1.44e-06,3.361e-05,3.24358066,75.5252835,
2,210000000,5,1.04686068,24.4209291,1.23e-06,2.879e-05,3.23986833,75.57891553,
2,210000000,avg,1.04851415,24.44260095,1.55e-06,3.607e-05,3.24117843,75.55723609,
2,210000000,avg,,,,,,,4.2897
2,230000000,1,1.19243805,24.74047852,2.03e-06,4.22e-05,3.62733628,75.25928551,
2,230000000,2,1.19476594,24.75773333,8.5e-06,0.00017607,3.63104767,75.24194216,
2,230000000,3,1.19258497,24.73939322,1.78e-06,3.699e-05,3.62799729,75.26042467,
2,230000000,4,1.20132743,24.87012129,2.27e-06,4.705e-05,3.62906639,75.12966011,
2,230000000,5,1.21140315,24.90183391,1.39e-06,2.866e-05,3.65330125,75.09795619,
2,230000000,avg,1.19850391,24.8021147,3.2e-06,6.614e-05,3.63374978,75.19765111,
2,230000000,avg,,,,,,,4.832265
2,250000000,1,1.29819324,25.27126431,1.7e-06,3.314e-05,3.83883204,74.72858158,
2,250000000,2,1.33322527,26.06265167,2.35e-06,4.584e-05,3.78222959,73.93719182,
2,250000000,3,1.31226917,25.55392344,2.02e-06,3.925e-05,3.82301739,74.44592646,
2,250000000,4,1.32663259,25.83603664,2.18e-06,4.238e-05,3.8081748,74.16382207,
2,250000000,5,1.32306394,25.81750006,2.12e-06,4.146e-05,3.80160805,74.18236801,
2,250000000,avg,1.31867684,25.70792398,2.07e-06,4.041e-05,3.81077238,74.29192923,
2,250000000,avg,,,,,,,5.129457
2,270000000,1,1.45570329,27.31535895,1.26e-06,2.364e-05,3.87353552,72.68446399,
2,270000000,2,1.43042403,26.67630039,2.44e-06,4.542e-05,3.93172002,73.32353332,
2,270000000,3,1.47067201,27.78789526,1.55e-06,2.933e-05,3.82181244,72.21197052,
2,270000000,4,1.44369042,26.93071102,1.67e-06,3.12e-05,3.91706225,73.06917744,
2,270000000,5,1.4131007,25.47328823,1.78e-06,3.212e-05,4.13427492,74.52659001,
2,270000000,avg,1.44271809,26.82426516,1.74e-06,3.236e-05,3.93568103,73.17559282,
2,270000000,avg,,,,,,,5.378407
2,290000000,1,1.49453728,25.28554793,1.83e-06,3.088e-05,4.41609107,74.71428375,
2,290000000,2,1.55243617,25.09413192,2.48e-06,4.016e-05,4.63400433,74.90569869,
2,290000000,3,1.48212085,23.89140816,1.66e-06,2.683e-05,4.72144161,76.10842859,
2,290000000,4,1.58430265,23.70001681,2.05e-06,3.071e-05,5.10050336,76.29982515,
2,290000000,5,1.48026945,22.40392,1.7e-06,2.577e-05,5.12691132,77.59594809,
2,290000000,avg,1.51873328,24.03616692,1.95e-06,3.08e-05,4.79979034,75.96367534,
2,290000000,avg,,,,,,,6.318534
2,310000000,1,1.64254033,22.88896716,1.85e-06,2.581e-05,5.53357414,77.11092065,
2,310000000,2,2.09532649,26.49595914,2.87e-06,3.636e-05,5.81276094,73.50390377,
2,310000000,3,2.70194717,32.31638604,2.22e-06,2.659e-05,5.65895975,67.68345805,
2,310000000,4,2.75453805,32.036566,3.17e-06,3.684e-05,5.84355394,67.96326565,
2,310000000,5,2.76629753,31.1268075,3.15e-06,3.54e-05,6.12087626,68.87304596,
2,310000000,avg,2.39212991,29.22189772,2.65e-06,3.241e-05,5.79394501,70.77795709,
2,310000000,avg,,,,,,,8.186087
2,330000000,1,1.75175931,22.83379018,1.23e-06,1.604e-05,5.92001784,77.16610638,
2,330000000,2,1.91045783,25.2844576,1.69e-06,2.239e-05,5.64539141,74.71542042,
2,330000000,3,1.68725837,25.04269179,1.2e-06,1.786e-05,5.05026011,74.9571672,
2,330000000,4,1.68853717,24.95543872,1.47e-06,2.174e-05,5.0776634,75.04443497,
2,330000000,5,1.69901571,25.06909816,1.21e-06,1.789e-05,5.07830675,74.93077873,
2,330000000,avg,1.74740568,24.6053096,1.36e-06,1.918e-05,5.3543279,75.39456777,
2,330000000,avg,,,,,,,7.101742
2,350000000,1,1.79863914,24.87504569,1.19e-06,1.649e-05,5.43204884,75.1248321,
2,350000000,2,1.79290032,24.95161328,2.26e-06,3.14e-05,5.39259843,75.04824936,
2,350000000,3,1.81880505,25.12924758,1.13e-06,1.568e-05,5.41898872,74.87064599,
2,350000000,4,1.81185849,25.21571695,1.87e-06,2.607e-05,5.37356531,74.78415254,
2,350000000,5,1.79542299,24.96452036,1.14e-06,1.591e-05,5.39646726,75.03536369,
2,350000000,avg,1.8035252,25.02717446,1.52e-06,2.109e-05,5.40273371,74.97270307,
2,350000000,avg,,,,,,,7.206268
2,370000000,1,1.96110199,24.92346117,1.82e-06,2.319e-05,5.90738827,75.076443,
2,370000000,2,2.01060711,25.85909651,1.63e-06,2.101e-05,5.76460951,74.14058827,
2,370000000,3,1.93681572,25.32773699,1.18e-06,1.549e-05,5.7101904,74.67215345,
2,370000000,4,1.92555464,24.89243037,1.67e-06,2.164e-05,5.8099395,75.10745812,
2,370000000,5,1.91660313,24.79717317,1.2e-06,1.554e-05,5.81250878,75.20272948,
2,370000000,avg,1.95013652,25.15956157,1.5e-06,1.94e-05,5.80092729,74.84029244,
2,370000000,avg,,,,,,,7.751075
2,390000000,1,1.97413921,24.53719328,1.4e-06,1.744e-05,6.07135037,75.46271147,
2,390000000,2,1.98422498,24.6240647,2.67e-06,3.318e-05,6.07383901,75.37582996,
2,390000000,3,1.97458743,24.5319615,1.07e-06,1.33e-05,6.07444426,75.46793345,
2,390000000,4,1.98247483,24.62093553,1.76e-06,2.18e-05,6.06950597,75.37897238,
2,390000000,5,1.97702943,24.5757838,1.06e-06,1.317e-05,6.06758795,75.42413251,
2,390000000,avg,1.97849118,24.57800508,1.59e-06,1.978e-05,6.07134551,75.42189863,
2,390000000,avg,,,,,,,8.049844
2,410000000,1,2.13642842,24.82761823,1.52e-06,1.771e-05,6.46860762,75.17224495,
2,410000000,2,2.13243469,24.83703547,1.88e-06,2.194e-05,6.4532626,75.16287026,
2,410000000,3,2.12346545,24.76217757,1.26e-06,1.475e-05,6.45196592,75.23773276,
2,410000000,4,2.13046606,24.81135562,2.07e-06,2.406e-05,6.45618317,75.1885513,
2,410000000,5,2.1237723,24.77217702,1.17e-06,1.366e-05,6.4494375,75.22774794,
2,410000000,avg,2.12931338,24.80210274,1.58e-06,1.843e-05,6.45589136,75.19779946,
2,410000000,avg,,,,,,,8.585213
2,430000000,1,2.16863354,24.37828108,1.27e-06,1.429e-05,6.72711782,75.62161418,
2,430000000,2,2.17662673,24.45645732,1.88e-06,2.116e-05,6.7233719,75.54343419,
2,430000000,3,2.16962985,24.4321147,1.27e-06,1.433e-05,6.71059819,75.56777712,
2,430000000,4,2.17594697,24.48594584,1.92e-06,2.156e-05,6.71055674,75.51393985,
2,430000000,5,2.18965205,24.60431658,1.61e-06,1.813e-05,6.70980128,75.39557475,
2,430000000,avg,2.17609783,24.47144344,1.59e-06,1.789e-05,6.71628919,75.52844768,
2,430000000,avg,,,,,,,8.892397
2,450000000,1,2.31937844,24.71425715,1.2e-06,1.283e-05,7.06539143,75.28564463,
2,450000000,2,2.32938551,24.77484064,2.14e-06,2.28e-05,7.0728271,75.22505972,
2,450000000,3,2.32353885,24.69715661,1.24e-06,1.319e-05,7.08457463,75.30274318,
2,450000000,4,2.32708953,24.74208335,2.08e-06,2.214e-05,7.07829096,75.25781147,
2,450000000,5,2.32020152,24.68411499,1.34e-06,1.429e-05,7.0793635,75.31579546,
2,450000000,avg,2.32391877,24.72249391,1.6e-06,1.705e-05,7.07608953,75.27740753,
2,450000000,avg,,,,,,,9.400018
2,470000000,1,2.44355172,24.81181088,1.34e-06,1.363e-05,7.40477955,75.18809124,
2,470000000,2,2.45448998,24.89806933,2.45e-06,2.489e-05,7.40365382,75.10182873,
2,470000000,3,2.44676609,24.81761055,1.2e-06,1.219e-05,7.41221546,75.18228941,
2,470000000,4,2.44063164,24.86258042,2.01e-06,2.043e-05,7.37584474,75.13732507,
2,470000000,5,2.43315964,24.82855435,1.18e-06,1.208e-05,7.36667656,75.17136405,
2,470000000,avg,2.44371982,24.84373304,1.64e-06,1.665e-05,7.39263403,75.15617175,
2,470000000,avg,,,,,,,9.836363
4,50000000,1,0.26283492,24.914708,1.27e-06,0.00012055,0.79209489,75.08444017,
4,50000000,2,0.2634867,24.89170182,1.85e-06,0.00017522,0.79503846,75.10762525,
4,50000000,3,0.26274294,24.70748545,1.17e-06,0.00011013,0.80066323,75.29174767,
4,50000000,4,0.26047325,24.71591247,2.17e-06,0.00020617,0.79338832,75.28341683,
4,50000000,5,0.25999542,24.70123411,1.18e-06,0.00011224,0.79255845,75.29814037,
4,50000000,avg,0.26190665,24.78620632,1.53e-06,0.00014483,0.79474867,75.213076,
4,50000000,avg,,,,,,,1.056663
4,70000000,1,0.34229735,24.11153226,1.84e-06,0.00012986,1.07733675,75.88793748,
4,70000000,2,0.34398571,24.19626173,2.39e-06,0.00016784,1.07765552,75.80324976,
4,70000000,3,0.34269505,24.10729724,1.79e-06,0.00012608,1.07883867,75.89220966,
4,70000000,4,0.34437877,24.22630051,2.22e-06,0.00015649,1.07712168,75.77317651,
4,70000000,5,0.34258067,24.08966402,1.98e-06,0.00013946,1.07951773,75.90976786,
4,70000000,avg,0.34318751,24.1462163,2.05e-06,0.00014395,1.07809407,75.8532631,
4,70000000,avg,,,,,,,1.421289
4,90000000,1,0.46593117,24.64441138,1.77e-06,9.379e-05,1.42467767,75.35521249,
4,90000000,2,0.46744875,24.69493371,2.48e-06,0.00013127,1.42543506,75.30456389,
4,90000000,3,0.46607278,24.62395307,1.86e-06,9.848e-05,1.42668054,75.37559752,
4,90000000,4,0.4673486,24.68062839,2.2e-06,0.00011592,1.42622738,75.3189119,
4,90000000,5,0.46591779,24.62587938,1.5e-06,7.945e-05,1.42605993,75.37376946,
4,90000000,avg,0.46654382,24.65396855,1.96e-06,0.00010379,1.42581612,75.34560367,
4,90000000,avg,,,,,,,1.892368
4,110000000,1,0.54595548,24.2739237,1.2e-06,5.342e-05,1.70318044,75.72572109,
4,110000000,2,0.54560405,24.27829826,1.8e-06,8.025e-05,1.70168028,75.72139741,
4,110000000,3,0.54516649,24.22716645,1.17e-06,5.198e-05,1.7050538,75.77248984,
4,110000000,4,0.54625718,24.2893409,1.95e-06,8.68e-05,1.70269483,75.71037322,
4,110000000,5,0.54431872,24.15852075,1.39e-06,6.178e-05,1.70877742,75.84074064,
4,110000000,avg,0.54546038,24.24541144,1.5e-06,6.684e-05,1.70427735,75.75418288,
4,110000000,avg,,,,,,,2.249747
4,130000000,1,0.66998601,24.62238947,1.63e-06,6e-05,2.05104972,75.3773127,
4,130000000,2,0.67290976,24.69008272,2.81e-06,0.00010316,2.05250529,75.30954189,
4,130000000,3,0.67048471,24.65441554,1.35e-06,4.976e-05,2.04903986,75.34531297,
4,130000000,4,0.67229655,24.67849533,3.01e-06,0.00011034,2.0519142,75.32115896,
4,130000000,5,0.66995359,24.59930166,2.03e-06,7.465e-05,2.05350303,75.40035774,
4,130000000,avg,0.67112612,24.64894765,2.17e-06,7.96e-05,2.05160242,75.35072612,
4,130000000,avg,,,,,,,2.722737
4,150000000,1,0.74758979,24.25803719,2.05e-06,6.66e-05,2.33422488,75.74168988,
4,150000000,2,0.74999062,24.31504138,1.94e-06,6.295e-05,2.33447297,75.68468908,
4,150000000,3,0.74838504,24.27750627,1.9e-06,6.171e-05,2.33423311,75.72219637,
4,150000000,4,0.75159837,24.33225038,2e-06,6.482e-05,2.33729178,75.66749913,
4,150000000,5,0.7487372,24.27473954,2.26e-06,7.343e-05,2.33568542,75.72504091,
4,150000000,avg,0.7492602,24.29153411,2.03e-06,6.59e-05,2.33518163,75.70820392,
4,150000000,avg,,,,,,,3.08445
4,170000000,1,0.87531016,24.65709865,1.15e-06,3.243e-05,2.67461221,75.34263884,
4,170000000,2,0.87964942,24.71653813,2.44e-06,6.868e-05,2.67929159,75.28318788,
4,170000000,3,0.87632123,24.63573961,1.44e-06,4.056e-05,2.68078325,75.36400607,
4,170000000,4,0.87863717,24.65198918,1.99e-06,5.593e-05,2.68551705,75.34775359,
4,170000000,5,0.87657773,24.64833136,1.2e-06,3.385e-05,2.67974934,75.35138897,
4,170000000,avg,0.87729914,24.66194363,1.65e-06,4.63e-05,2.67999069,75.33779083,
4,170000000,avg,,,,,,,3.557299
4,190000000,1,0.97837656,24.61774408,1.74e-06,4.388e-05,2.99588878,75.38204218,
4,190000000,2,0.98197258,24.69898848,2.83e-06,7.128e-05,2.99377828,75.30077388,
4,190000000,3,0.97785215,24.60731183,1.69e-06,4.263e-05,2.9959676,75.39249069,
4,190000000,4,0.98286127,24.68069721,2.12e-06,5.331e-05,2.99943664,75.31906045,
4,190000000,5,0.9785335,24.63270845,1.7e-06,4.282e-05,2.9939548,75.36708289,
4,190000000,avg,0.97991921,24.6475095,2.02e-06,5.079e-05,2.99580522,75.35227051,
4,190000000,avg,,,,,,,3.975733
4,210000000,1,1.06026925,24.42143836,1.22e-06,2.811e-05,3.28127548,75.57841286,
4,210000000,2,1.06312248,24.43708518,1.83e-06,4.217e-05,3.28731714,75.5627414,
4,210000000,3,1.05952429,24.40233656,1.26e-06,2.906e-05,3.28236565,75.59750327,
4,210000000,4,1.06291292,24.44890543,2.01e-06,4.63e-05,3.28456635,75.55092312,
4,210000000,5,1.06201364,24.46199581,1.36e-06,3.135e-05,3.27946298,75.5378337,
4,210000000,avg,1.06156852,24.43435677,1.54e-06,3.541e-05,3.28299752,75.56547836,
4,210000000,avg,,,,,,,4.344573
4,230000000,1,1.18428989,24.63442266,1.2e-06,2.5e-05,3.62316151,75.36540891,
4,230000000,2,1.18932799,24.72202935,1.85e-06,3.852e-05,3.62146627,75.27780092,
4,230000000,3,1.18269481,24.65754157,1.24e-06,2.589e-05,3.61378086,75.34230364,
4,230000000,4,1.18816875,24.73532036,1.95e-06,4.06e-05,3.61535466,75.26452417,
4,230000000,5,1.18255784,24.65169251,1.51e-06,3.156e-05,3.61449948,75.34813683,
4,230000000,avg,1.18540786,24.68022079,1.55e-06,3.232e-05,3.61765256,75.31961539,
4,230000000,avg,,,,,,,4.803068
4,250000000,1,1.33408919,23.77589122,2.07e-06,3.695e-05,4.27699849,76.22387761,
4,250000000,2,1.29313986,24.73127346,2.09e-06,3.99e-05,3.93561358,75.26852955,
4,250000000,3,1.28717308,24.63100882,1.92e-06,3.681e-05,3.93863971,75.36878373,
4,250000000,4,1.29126916,24.73705738,2.13e-06,4.087e-05,3.92869899,75.26273783,
4,250000000,5,1.28576168,24.66657168,2.18e-06,4.192e-05,3.9267971,75.33326282,
4,250000000,avg,1.29828659,24.49760575,2.08e-06,3.925e-05,4.00134957,75.50219261,
4,250000000,avg,,,,,,,5.299647
4,270000000,1,1.38996984,24.68230092,1.93e-06,3.43e-05,4.2414652,75.3175482,
4,270000000,2,1.3939299,24.78421052,3.27e-06,5.811e-05,4.23032689,75.21562771,
4,270000000,3,1.3825594,24.65329613,1.97e-06,3.517e-05,4.22544187,75.34654202,
4,270000000,4,1.3893838,24.63473059,2.82e-06,5.007e-05,4.25054509,75.36508863,
4,270000000,5,1.37655223,24.50453866,2.13e-06,3.797e-05,4.24097837,75.49529599,
4,270000000,avg,1.38647903,24.65184799,2.43e-06,4.313e-05,4.23775148,75.34798787,
4,270000000,avg,,,,,,,5.62424
4,290000000,1,1.64064811,25.52213138,1.47e-06,2.281e-05,4.78767631,74.47770359,
4,290000000,2,1.50344581,24.7882586,2.03e-06,3.354e-05,4.56169725,75.21157742,
4,290000000,3,1.50468362,24.82827305,1.18e-06,1.95e-05,4.55567168,75.1715902,
4,290000000,4,1.48788071,24.61200704,2.15e-06,3.563e-05,4.55745552,75.38784993,
4,290000000,5,1.47802145,24.49517993,1.2e-06,1.991e-05,4.55589856,75.50469242,
4,290000000,avg,1.52293594,24.85766599,1.61e-06,2.624e-05,4.60367986,75.14218649,
4,290000000,avg,,,,,,,6.126625
4,310000000,1,1.58052384,24.52538758,1.81e-06,2.813e-05,4.86390711,75.47447514,
4,310000000,2,1.5841782,24.54172828,2.64e-06,4.095e-05,4.87085076,75.45811213,
4,310000000,3,1.58460589,24.55026182,1.49e-06,2.316e-05,4.86992283,75.44959975,
4,310000000,4,1.59521445,24.72876625,2.14e-06,3.323e-05,4.85562287,75.2711103,
4,310000000,5,1.58837274,24.63753077,1.13e-06,1.747e-05,4.85858383,75.36235405,
4,310000000,avg,1.58657902,24.59673173,1.84e-06,2.859e-05,4.86377748,75.40313348,
4,310000000,avg,,,,,,,6.450365
4,330000000,1,1.6603871,24.38933922,1.2e-06,1.764e-05,5.14744522,75.61055353,
4,330000000,2,1.66721595,24.47106993,1.72e-06,2.53e-05,5.14578501,75.52882697,
4,330000000,3,1.65952829,24.38991187,1.2e-06,1.767e-05,5.14462339,75.60998605,
4,330000000,4,1.66492946,24.45282644,1.8e-06,2.643e-05,5.14380344,75.54706412,
4,330000000,5,1.66660967,24.46340518,1.44e-06,2.117e-05,5.1460472,75.53648585,
4,330000000,avg,1.66373409,24.43332573,1.47e-06,2.164e-05,5.14554085,75.5665681,
4,330000000,avg,,,,,,,6.809282
4,350000000,1,1.78017908,24.54965735,1.84e-06,2.544e-05,5.47115263,75.45023062,
4,350000000,2,1.79319651,24.64764917,2.59e-06,3.554e-05,5.4821181,75.35221185,
4,350000000,3,1.78366333,24.58699092,1.84e-06,2.539e-05,5.4708288,75.41289666,
4,350000000,4,1.79261928,24.64860756,2.48e-06,3.404e-05,5.48007122,75.35126186,
4,350000000,5,1.78126141,24.56235164,1.66e-06,2.295e-05,5.47073001,75.43754852,
4,350000000,avg,1.78618392,24.59911087,2.08e-06,2.868e-05,5.47498015,75.40077034,
4,350000000,avg,,,,,,,7.261173
4,370000000,1,1.89914309,24.6871903,1.28e-06,1.67e-05,5.79367486,75.31267897,
4,370000000,2,1.90355098,24.75847239,2.2e-06,2.864e-05,5.78492066,75.2413777,
4,370000000,3,1.88631788,24.56579497,1.54e-06,2.009e-05,5.79231023,75.43410741,
4,370000000,4,1.89630109,24.67521755,2.3e-06,2.997e-05,5.78873298,75.3246656,
4,370000000,5,1.88975394,24.61938119,1.79e-06,2.334e-05,5.78611518,75.38048843,
4,370000000,avg,1.8950134,24.66125114,1.82e-06,2.375e-05,5.78915078,75.33862375,
4,370000000,avg,,,,,,,7.684174
4,390000000,1,1.99881744,22.90734957,1.28e-06,1.47e-05,6.72683417,77.09255419,
4,390000000,2,1.9862998,24.66221255,1.88e-06,2.34e-05,6.06771297,75.33768417,
4,390000000,3,1.97738564,24.59329704,1.17e-06,1.458e-05,6.06295032,75.40660514,
4,390000000,4,1.98548936,24.65173624,1.63e-06,2.028e-05,6.0686593,75.34816939,
4,390000000,5,1.97867296,24.60613328,1.24e-06,1.543e-05,6.06270194,75.39378926,
4,390000000,avg,1.98533304,24.26134369,1.44e-06,1.763e-05,6.19777174,75.73856243,
4,390000000,avg,,,,,,,8.183112
4,410000000,1,2.10268793,24.72863843,1.37e-06,1.606e-05,6.40035065,75.27125397,
4,410000000,2,2.11324361,24.84027099,2e-06,2.355e-05,6.39407782,75.15963866,
4,410000000,3,2.10252361,24.73352998,1.57e-06,1.85e-05,6.39816892,75.26636185,
4,410000000,4,2.11223206,24.82810554,2.34e-06,2.754e-05,6.39518223,75.17178738,
4,410000000,5,2.10260923,24.75475533,1.91e-06,2.243e-05,6.39114142,75.24514783,
4,410000000,avg,2.10665929,24.77707895,1.84e-06,2.162e-05,6.39578421,75.22281904,
4,410000000,avg,,,,,,,8.502452
4,430000000,1,2.18080819,24.60783591,1.11e-06,1.258e-05,6.68143593,75.39208608,
4,430000000,2,2.18946322,24.70841716,1.93e-06,2.18e-05,6.67173336,75.29150051,
4,430000000,3,2.18267566,24.64494543,1.26e-06,1.426e-05,6.67380083,75.35496914,
4,430000000,4,2.18867903,24.73492038,1.98e-06,2.233e-05,6.65985236,75.26499561,
4,430000000,5,2.17972678,24.6400475,1.62e-06,1.834e-05,6.66654178,75.35986053,
4,430000000,avg,2.18427058,24.66722405,1.58e-06,1.786e-05,6.67067285,75.3326916,
4,430000000,avg,,,,,,,8.854951
4,450000000,1,2.28390852,24.56446017,1.19e-06,1.285e-05,7.01369696,75.43545549,
4,450000000,2,2.2973966,24.66489126,1.61e-06,1.733e-05,7.0170365,75.33503001,
4,450000000,3,2.28456281,24.55672667,1.07e-06,1.152e-05,7.01863634,75.44320226,
4,450000000,4,2.29959328,24.6850721,1.5e-06,1.614e-05,7.01612387,75.31485039,
4,450000000,5,2.28447118,24.57285984,1.15e-06,1.238e-05,7.0122472,75.4270701,
4,450000000,avg,2.28998648,24.60884641,1.31e-06,1.404e-05,7.01554817,75.39107725,
4,450000000,avg,,,,,,,9.305542
4,470000000,1,2.38330297,24.642035,1.22e-06,1.263e-05,7.28838543,75.3578756,
4,470000000,2,2.39189518,24.70068631,1.34e-06,1.387e-05,7.29161554,75.29924776,
4,470000000,3,2.38232853,24.62195938,1.37e-06,1.419e-05,7.29328923,75.3779629,
4,470000000,4,2.39156937,24.68821977,1.54e-06,1.593e-05,7.29551027,75.31170266,
4,470000000,5,2.3855355,24.65651771,1.07e-06,1.107e-05,7.28952768,75.34340556,
4,470000000,avg,2.38692631,24.66189787,1.31e-06,1.354e-05,7.29166563,75.33802466,
4,470000000,avg,,,,,,,9.678599
8,50000000,1,0.24648002,24.35177679,1.82e-06,0.00018002,0.76567642,75.64743452,
8,50000000,2,0.24768748,24.42646722,1.71e-06,0.000169,0.76631607,75.57263155,
8,50000000,3,0.24687438,24.40770647,1.26e-06,0.00012472,0.764579,75.59156028,
8,50000000,4,0.24737975,24.38491237,2.13e-06,0.00021032,0.76709027,75.61422835,
8,50000000,5,0.24641373,24.3694646,1.32e-06,0.0001306,0.76473639,75.62978134,
8,50000000,avg,0.24696707,24.38807904,1.65e-06,0.00016297,0.76567963,75.61111358,
8,50000000,avg,,,,,,,1.012655
8,70000000,1,0.34446796,24.22364086,1.02e-06,7.175e-05,1.07755795,75.77592172,
8,70000000,2,0.3454537,24.31362996,1.67e-06,0.00011753,1.07536337,75.68593687,
8,70000000,3,0.34496363,24.26901718,8.9e-07,6.267e-05,1.07644566,75.73052857,
8,70000000,4,0.34663876,24.36691799,1.85e-06,0.00013012,1.0759346,75.63265713,
8,70000000,5,0.34512173,24.29232786,9.8e-07,6.922e-05,1.07557383,75.70717859,
8,70000000,avg,0.34532915,24.2931112,1.28e-06,9.026e-05,1.07617508,75.70644015,
8,70000000,avg,,,,,,,1.421511
8,90000000,1,0.44647344,24.36630794,9.7e-07,5.299e-05,1.38585929,75.6333334,
8,90000000,2,0.44821516,24.4469632,1.6e-06,8.75e-05,1.38519486,75.55257071,
8,90000000,3,0.44688156,24.3815445,9.1e-07,4.972e-05,1.38597998,75.61809573,
8,90000000,4,0.44711716,24.4007187,1.68e-06,9.187e-05,1.38526765,75.59881317,
8,90000000,5,0.44707696,24.37499557,1.24e-06,6.766e-05,1.38707672,75.62453879,
8,90000000,avg,0.44715285,24.39410772,1.28e-06,6.995e-05,1.3858757,75.60546861,
8,90000000,avg,,,,,,,1.833036
8,110000000,1,0.55543085,24.45930401,1.2e-06,5.303e-05,1.71539852,75.54037392,
8,110000000,2,0.55510274,24.4463787,1.7e-06,7.502e-05,1.71558216,75.55316874,
8,110000000,3,0.55786561,24.52895811,1.5e-06,6.609e-05,1.71643905,75.47061716,
8,110000000,4,0.55402153,24.40737585,1.98e-06,8.704e-05,1.71586272,75.59219986,
8,110000000,5,0.55505227,24.46035277,1.17e-06,5.169e-05,1.71413129,75.53929347,
8,110000000,avg,0.5554946,24.46049946,1.51e-06,6.657e-05,1.71548275,75.53910504,
8,110000000,avg,,,,,,,2.270986
8,130000000,1,0.6508692,24.48953511,1.68e-06,6.337e-05,2.00686883,75.51023304,
8,130000000,2,0.65285316,24.55274079,1.9e-06,7.156e-05,2.00612382,75.44703932,
8,130000000,3,0.65076105,24.51393445,1.18e-06,4.447e-05,2.0038918,75.4858821,
8,130000000,4,0.65285844,24.57963842,1.77e-06,6.674e-05,2.00323123,75.42017774,
8,130000000,5,0.6498528,24.46706062,1.14e-06,4.294e-05,2.00617392,75.53276557,
8,130000000,avg,0.65143893,24.52058599,1.54e-06,5.782e-05,2.00525792,75.47921543,
8,130000000,avg,,,,,,,2.656702
8,150000000,1,0.75532121,24.41449306,2.01e-06,6.508e-05,2.3384078,75.58511597,
8,150000000,2,0.75695891,24.56960637,1.69e-06,5.471e-05,2.32390156,75.42991532,
8,150000000,3,0.75324132,24.49817348,1.27e-06,4.136e-05,2.32142932,75.50140551,
8,150000000,4,0.75559254,24.58246259,1.78e-06,5.805e-05,2.3181016,75.41716345,
8,150000000,5,0.75535839,24.48282227,1.28e-06,4.157e-05,2.32987783,75.51645102,
8,150000000,avg,0.75529447,24.50939523,1.61e-06,5.217e-05,2.32634362,75.49012651,
8,150000000,avg,,,,,,,3.081653
8,170000000,1,0.85237054,24.43348818,1.18e-06,3.373e-05,2.63615313,75.56621598,
8,170000000,2,0.85664749,24.53221618,2.02e-06,5.776e-05,2.63526964,75.46745345,
8,170000000,3,0.85463388,24.49406064,1.2e-06,3.443e-05,2.63450387,75.50566316,
8,170000000,4,0.85778715,24.54718498,2.19e-06,6.275e-05,2.63664355,75.45249046,
8,170000000,5,0.85493481,24.42912945,1.19e-06,3.404e-05,2.64470851,75.57058821,
8,170000000,avg,0.85527477,24.48720818,1.56e-06,4.454e-05,2.63745574,75.51248996,
8,170000000,avg,,,,,,,3.492741
8,190000000,1,0.96536289,24.61893884,1.2e-06,3.061e-05,2.95584993,75.38086395,
8,190000000,2,0.96757081,24.59507512,2.03e-06,5.172e-05,2.96642304,75.40471125,
8,190000000,3,0.96279878,24.5593508,1.2e-06,3.071e-05,2.95748804,75.44046367,
8,190000000,4,0.96984094,24.66918096,1.72e-06,4.386e-05,2.96153736,75.33060122,
8,190000000,5,0.96322691,24.60778079,1.01e-06,2.589e-05,2.95108357,75.39201522,
8,190000000,avg,0.96576006,24.61008936,1.44e-06,3.657e-05,2.95847639,75.38970699,
8,190000000,avg,,,,,,,3.924244
8,210000000,1,1.06762855,24.6260974,1.82e-06,4.187e-05,3.26771534,75.37366467,
8,210000000,2,1.07649599,24.68797587,2.87e-06,6.593e-05,3.28389976,75.31178809,
8,210000000,3,1.0680512,24.57569213,1.5e-06,3.459e-05,3.27790523,75.42408975,
8,210000000,4,1.07524232,24.65467638,3.07e-06,7.031e-05,3.28595765,75.3450838,
8,210000000,5,1.0663823,24.53398281,2.15e-06,4.948e-05,3.28016048,75.46580691,
8,210000000,avg,1.07076007,24.61575296,2.28e-06,5.246e-05,3.27912769,75.38401859,
8,210000000,avg,,,,,,,4.349898
8,230000000,1,1.16608858,24.58777977,1.86e-06,3.93e-05,3.57645719,75.4120597,
8,230000000,2,1.16821591,24.61324846,2.18e-06,4.599e-05,3.57806544,75.38658973,
8,230000000,3,1.16584949,24.5883727,1.6e-06,3.376e-05,3.57560985,75.41147309,
8,230000000,4,1.17191256,24.67235401,2.48e-06,5.226e-05,3.57798112,75.32747725,
8,230000000,5,1.16710036,24.5757279,1.75e-06,3.69e-05,3.58188997,75.4241505,
8,230000000,avg,1.16783338,24.60750981,1.98e-06,4.165e-05,3.57800071,75.39233681,
8,230000000,avg,,,,,,,4.745841
8,250000000,1,1.27524101,24.59924678,1.24e-06,2.397e-05,3.90881467,75.40056812,
8,250000000,2,1.28224849,24.69822934,1.64e-06,3.164e-05,3.909405,75.30161452,
8,250000000,3,1.27147764,24.52991341,1.16e-06,2.242e-05,3.91189234,75.4699708,
8,250000000,4,1.27781188,24.61269019,1.59e-06,3.062e-05,3.91386112,75.38719303,
8,250000000,5,1.27231176,24.53827636,1.16e-06,2.244e-05,3.91269104,75.46161019,
8,250000000,avg,1.27581816,24.59570591,1.36e-06,2.622e-05,3.91133283,75.40415664,
8,250000000,avg,,,,,,,5.187158
8,270000000,1,1.37236995,24.62250403,1.15e-06,2.07e-05,4.2012648,75.37738615,
8,270000000,2,1.37757701,24.66912242,1.84e-06,3.302e-05,4.20663251,75.33076689,
8,270000000,3,1.37376958,24.60256061,1.2e-06,2.154e-05,4.21007136,75.39731364,
8,270000000,4,1.37776153,24.6712565,1.94e-06,3.481e-05,4.20671205,75.32861829,
8,270000000,5,1.37088706,24.57960927,1.17e-06,2.106e-05,4.20644177,75.42028685,
8,270000000,avg,1.37447302,24.62902596,1.46e-06,2.623e-05,4.2062245,75.37085896,
8,270000000,avg,,,,,,,5.580704
8,290000000,1,1.46521248,24.5417402,1.15e-06,1.918e-05,4.5050658,75.45810339,
8,290000000,2,1.47103337,24.62773666,1.68e-06,2.819e-05,4.5020332,75.37210954,
8,290000000,3,1.46510908,24.54738773,1.08e-06,1.809e-05,4.50337587,75.45248002,
8,290000000,4,1.47145811,24.63446672,1.6e-06,2.683e-05,4.5017009,75.365381,
8,290000000,5,1.46412883,24.54917761,1.09e-06,1.829e-05,4.49992936,75.45071382,
8,290000000,avg,1.46738837,24.58011989,1.32e-06,2.212e-05,4.50242103,75.41973943,
8,290000000,avg,,,,,,,5.969818
8,310000000,1,1.57448843,24.56494126,1.69e-06,2.641e-05,4.83499609,75.43491122,
8,310000000,2,1.57993354,24.65942255,2.2e-06,3.438e-05,4.82707505,75.34043704,
8,310000000,3,1.57385014,24.58509208,1.39e-06,2.177e-05,4.82778673,75.41479237,
8,310000000,4,1.58361625,24.74186774,1.9e-06,2.976e-05,4.81692861,75.25801172,
8,310000000,5,1.57429271,24.67792974,1.85e-06,2.907e-05,4.80505375,75.32193873,
8,310000000,avg,1.57723621,24.64580748,1.81e-06,2.828e-05,4.82236805,75.3540614,
8,310000000,avg,,,,,,,6.399613
8,330000000,1,1.67271154,24.61681881,1.22e-06,1.801e-05,5.12227435,75.3830513,
8,330000000,2,1.67840129,24.66688552,2.35e-06,3.459e-05,5.12585809,75.33297021,
8,330000000,3,1.67158147,24.62417084,1.33e-06,1.965e-05,5.11678621,75.37569659,
8,330000000,4,1.67929744,24.66022441,2.37e-06,3.478e-05,5.13043462,75.33964277,
8,330000000,5,1.6710877,24.59427649,1.53e-06,2.256e-05,5.12352388,75.40559535,
8,330000000,avg,1.67461589,24.63249868,1.76e-06,2.592e-05,5.12377543,75.36736778,
8,330000000,avg,,,,,,,6.7984
8,350000000,1,1.78061953,24.60456187,1.61e-06,2.218e-05,5.45632048,75.39531736,
8,350000000,2,1.78565239,24.68319022,2.18e-06,3.016e-05,5.44862423,75.31669052,
8,350000000,3,1.77900885,24.59000643,1.73e-06,2.392e-05,5.45566475,75.40987266,
8,350000000,4,1.78522496,24.67430759,1.71e-06,2.368e-05,5.44992328,75.32556738,
8,350000000,5,1.78078835,24.61414982,1.64e-06,2.268e-05,5.4540181,75.38572371,
8,350000000,avg,1.78225882,24.63324131,1.77e-06,2.452e-05,5.45291017,75.3666362,
8,350000000,avg,,,,,,,7.235178
8,370000000,1,1.87159608,24.59358511,1.07e-06,1.407e-05,5.73849565,75.4063242,
8,370000000,2,1.88040551,24.6711775,1.82e-06,2.392e-05,5.74145891,75.32872628,
8,370000000,3,1.87489347,24.60907846,1.07e-06,1.403e-05,5.74380639,75.3908337,
8,370000000,4,1.88203836,24.68602173,2.08e-06,2.733e-05,5.74185723,75.31388051,
8,370000000,5,1.8867272,24.70428135,1.08e-06,1.413e-05,5.75051306,75.2956191,
8,370000000,avg,1.87913213,24.65287329,1.43e-06,1.87e-05,5.74322625,75.34703229,
8,370000000,avg,,,,,,,7.622366
8,390000000,1,1.9852437,24.65734217,1.19e-06,1.482e-05,6.06607623,75.34254735,
8,390000000,2,1.98958278,24.71793627,1.68e-06,2.093e-05,6.05955427,75.28195251,
8,390000000,3,1.98141112,24.64217651,1.19e-06,1.481e-05,6.05931123,75.35771623,
8,390000000,4,1.98930929,24.70241069,1.78e-06,2.214e-05,6.06377857,75.29746589,
8,390000000,5,1.98376967,24.67234564,1.18e-06,1.467e-05,6.05668,75.32754656,
8,390000000,avg,1.98586331,24.67845237,1.41e-06,1.748e-05,6.06108006,75.32143559,
8,390000000,avg,,,,,,,8.046952
8,410000000,1,2.08747051,24.68265651,1.93e-06,2.286e-05,6.36975634,75.31723543,
8,410000000,2,2.1026713,24.77653619,2.47e-06,2.916e-05,6.38386182,75.22335221,
8,410000000,3,2.11961583,22.97268069,1.96e-06,2.128e-05,7.10705538,77.0272195,
8,410000000,4,2.09442768,24.65857497,1.98e-06,2.334e-05,6.39927111,75.34130093,
8,410000000,5,2.09006811,24.63926822,1.67e-06,1.971e-05,6.39259491,75.3606354,
8,410000000,avg,2.09885069,24.32218337,2.01e-06,2.324e-05,6.53050791,75.67770878,
8,410000000,avg,,,,,,,8.629368
8,430000000,1,2.19168546,24.59090425,1.2e-06,1.347e-05,6.72089354,75.40901838,
8,430000000,2,2.20104007,24.65625022,1.91e-06,2.141e-05,6.72585688,75.34365798,
8,430000000,3,2.21603972,25.06049035,1.5e-06,1.7e-05,6.62671394,74.93940606,
8,430000000,4,2.25168421,25.0947598,1.84e-06,2.056e-05,6.72103499,74.90515669,
8,430000000,5,2.25833007,25.14958889,1.07e-06,1.192e-05,6.72125425,74.85034348,
8,430000000,avg,2.22375591,24.91068985,1.51e-06,1.687e-05,6.70315072,75.08922542,
8,430000000,avg,,,,,,,8.926914
8,450000000,1,2.34383455,24.96982372,1.88e-06,2.005e-05,7.04282481,75.03008002,
8,450000000,2,2.41388271,26.17330983,2.35e-06,2.551e-05,6.80879826,73.82661368,
8,450000000,3,2.4423053,27.04117368,1.68e-06,1.864e-05,6.58948948,72.95874487,
8,450000000,4,2.47292833,26.18556553,2.63e-06,2.789e-05,6.97092317,73.81433717,
8,450000000,5,2.50798858,27.02928244,2.35e-06,2.529e-05,6.77078499,72.97061139,
8,450000000,avg,2.4361879,26.27252031,2.18e-06,2.351e-05,6.83656414,73.72738805,
8,450000000,avg,,,,,,,9.272761
16,50000000,1,0.40126853,33.9810435,1.32e-06,0.00011184,0.77957853,66.01786631,
16,50000000,2,0.4742145,26.06730296,3.05e-06,0.00016746,1.34496176,73.93178778,
16,50000000,3,0.42184686,27.62644636,1.52e-06,9.975e-05,1.10510796,72.37272254,
16,50000000,4,0.47769458,19.68275276,2.63e-06,0.00010843,1.94925538,80.31640507,
16,50000000,5,0.4194521,26.70374696,1.33e-06,8.455e-05,1.15129505,73.29535801,
16,50000000,avg,0.43889531,25.74240994,1.97e-06,0.00011554,1.26603974,74.25669146,
16,50000000,avg,,,,,,,1.70495
16,70000000,1,0.60632501,25.59300178,2.3e-06,9.726e-05,1.76276609,74.40642432,
16,70000000,2,0.57062809,25.07385978,2.28e-06,0.00010036,1.70514891,74.92562191,
16,70000000,3,0.62492899,28.02756164,1.47e-06,6.612e-05,1.60475461,71.97195117,
16,70000000,4,0.6427088,28.09539538,3.12e-06,0.0001362,1.64487318,71.90404536,
16,70000000,5,0.58385543,30.15508906,2.03e-06,0.00010503,1.35230909,69.84434611,
16,70000000,avg,0.60568926,27.28733627,2.24e-06,0.00010102,1.61397038,72.71212325,
16,70000000,avg,,,,,,,2.219672
16,90000000,1,0.75024346,28.50807746,1.76e-06,6.69e-05,1.88142996,71.4913941,
16,90000000,2,0.75162686,27.4936294,3.32e-06,0.00012129,1.98218105,72.50585944,
16,90000000,3,0.74476279,29.19063384,2.02e-06,7.93e-05,1.80660085,70.80888623,
16,90000000,4,0.72966047,28.77597,3.12e-06,0.0001229,1.80597314,71.22302921,
16,90000000,5,0.78949653,29.44464387,1.77e-06,6.613e-05,1.89178434,70.55498581,
16,90000000,avg,0.75315802,28.67243377,2.4e-06,9.129e-05,1.87359387,71.3269919,
16,90000000,avg,,,,,,,2.626767
16,110000000,1,0.94116082,28.9606575,1.23e-06,3.786e-05,2.30861949,71.03901534,
16,110000000,2,0.94126716,27.98179361,2.81e-06,8.343e-05,2.42257601,72.01783408,
16,110000000,3,0.95901401,29.39415703,1.16e-06,3.562e-05,2.3035763,70.60552079,
16,110000000,4,0.95704117,29.4283808,2.54e-06,7.795e-05,2.29505072,70.57128658,
16,110000000,5,0.88549011,29.62946427,1.34e-06,4.489e-05,2.10304456,70.37016319,
16,110000000,avg,0.93679465,29.06250235,1.82e-06,5.631e-05,2.28657341,70.93715255,
16,110000000,avg,,,,,,,3.223379
16,130000000,1,1.01935308,28.62795266,2.49e-06,7.006e-05,2.5413233,71.37162248,
16,130000000,2,1.02068024,28.39128205,3.46e-06,9.616e-05,2.57435275,71.60829787,
16,130000000,3,1.01986846,29.51032261,2.35e-06,6.808e-05,2.43608944,70.48927185,
16,130000000,4,1.0239649,28.46131453,2.42e-06,6.717e-05,2.57376367,71.53828945,
16,130000000,5,1.01851112,27.24951758,2.09e-06,5.598e-05,2.7191944,72.75005091,
16,130000000,avg,1.02047556,28.42997587,2.56e-06,7.14e-05,2.56894471,71.56960834,
16,130000000,avg,,,,,,,3.589435
16,150000000,1,1.18910009,28.76475238,1.32e-06,3.203e-05,2.94476841,71.2349909,
16,150000000,2,1.19235026,27.39508509,2.91e-06,6.675e-05,3.16006099,72.60462208,
16,150000000,3,1.18685527,28.39556849,1.45e-06,3.476e-05,2.99285219,71.60413021,
16,150000000,4,1.19772916,28.36973189,2.64e-06,6.248e-05,3.02411517,71.62999755,
16,150000000,5,1.19502904,28.84333891,1.26e-06,3.05e-05,2.94813123,71.15638667,
16,150000000,avg,1.19221276,28.34410862,1.92e-06,4.557e-05,3.0139856,71.65561206,
16,150000000,avg,,,,,,,4.20621
16,170000000,1,1.38332784,28.65655806,1.17e-06,2.429e-05,3.44392496,71.34320058,
16,170000000,2,1.38181544,28.50047544,2.91e-06,5.993e-05,3.46656474,71.49923235,
16,170000000,3,1.37071064,28.35508285,1.19e-06,2.462e-05,3.46336758,71.64464317,
16,170000000,4,1.39375225,27.9955137,3.25e-06,6.519e-05,3.58471877,72.00421968,
16,170000000,5,1.39029514,28.74722829,1.14e-06,2.363e-05,3.44596465,71.2524485,
16,170000000,avg,1.38398026,28.44826603,1.93e-06,3.97e-05,3.48090814,71.55145455,
16,170000000,avg,,,,,,,4.864902
16,190000000,1,1.52788296,29.49357221,1.95e-06,3.77e-05,3.65250007,70.50623477,
16,190000000,2,1.53261147,29.54531105,2.54e-06,4.906e-05,3.65470446,70.45450338,
16,190000000,3,1.50922781,28.45246259,1.77e-06,3.34e-05,3.79514544,71.54733895,
16,190000000,4,1.50587138,29.06071968,2.53e-06,4.877e-05,3.67592808,70.93906994,
16,190000000,5,1.58862724,29.2391188,1.61e-06,2.955e-05,3.84458842,70.76070139,
16,190000000,avg,1.53284417,29.15578264,2.08e-06,3.957e-05,3.72457329,70.84402403,
16,190000000,avg,,,,,,,5.257428
16,210000000,1,1.15341667,25.45388924,1.15e-06,2.543e-05,3.37797062,74.54590581,
16,210000000,2,1.15781102,25.49141624,2.24e-06,4.936e-05,3.38414425,74.50838545,
16,210000000,3,1.15422553,25.41385055,1.1e-06,2.43e-05,3.38748351,74.58594282,
16,210000000,4,1.13226041,25.11857657,2.24e-06,4.98e-05,3.37539061,74.8811905,
16,210000000,5,1.12509755,25.02617689,2.35e-06,5.217e-05,3.37057653,74.97362713,
16,210000000,avg,1.14456224,25.30154735,1.82e-06,4.018e-05,3.3791131,74.6982449,
16,210000000,avg,,,,,,,4.523685
16,230000000,1,1.93077952,27.93793616,1.21e-06,1.744e-05,4.98016651,72.06186551,
16,230000000,2,1.91786159,28.38398177,2.51e-06,3.708e-05,4.83896809,71.61579475,
16,230000000,3,1.90932778,28.61197012,1.17e-06,1.758e-05,4.76383692,71.38782618,
16,230000000,4,1.89269756,28.62169552,2.28e-06,3.455e-05,4.72009636,71.3781025,
16,230000000,5,1.89006825,29.24018749,1.23e-06,1.907e-05,4.57385929,70.75961569,
16,230000000,avg,1.90814694,28.54991828,1.68e-06,2.514e-05,4.77538543,71.4498768,
16,230000000,avg,,,,,,,6.683546
16,250000000,1,2.10626583,29.26428177,1.1e-06,1.53e-05,5.09111637,70.73554607,
16,250000000,2,2.14370865,29.05510271,2.26e-06,3.067e-05,5.23435826,70.94472315,
16,250000000,3,2.07921207,29.69796236,1.2e-06,1.717e-05,4.92197107,70.30187729,
16,250000000,4,2.1852228,31.44564959,2.48e-06,3.574e-05,4.76396964,68.55416306,
16,250000000,5,2.10420902,32.00765818,1.5e-06,2.286e-05,4.46986003,67.99217674,
16,250000000,avg,2.12372368,30.25251358,1.71e-06,2.437e-05,4.89625507,69.74731451,
16,250000000,avg,,,,,,,7.019991
16,270000000,1,2.294673,30.91420145,1.43e-06,1.932e-05,5.12802703,69.08559998,
16,270000000,2,2.36817768,31.94020605,2.75e-06,3.712e-05,5.04621853,68.05961441,
16,270000000,3,1.7922424,26.06351898,1.17e-06,1.708e-05,5.08418684,73.9363159,
16,270000000,4,1.61683998,25.93856372,1.99e-06,3.196e-05,4.61649387,74.06126874,
16,270000000,5,1.80974127,23.22083762,1.15e-06,1.481e-05,5.98385982,76.77906206,
16,270000000,avg,1.97633487,27.6483802,1.7e-06,2.38e-05,5.17175722,72.35145845,
16,270000000,avg,,,,,,,7.148104
16,290000000,1,3.57796932,32.11900217,1.21e-06,1.086e-05,7.56174244,67.88085647,
16,290000000,2,2.06750475,29.555979,3.35e-06,4.789e-05,4.92769983,70.44384896,
16,290000000,3,1.78263815,15.82471956,1.19e-06,1.059e-05,9.48224282,84.17515005,
16,290000000,4,1.53182548,25.04195733,1.89e-06,3.096e-05,4.58520457,74.95794946,
16,290000000,5,1.52609979,24.58511754,1.23e-06,1.982e-05,4.68130791,75.41479674,
16,290000000,avg,2.0972075,25.13173467,1.78e-06,2.127e-05,6.24763951,74.86813713,
16,290000000,avg,,,,,,,8.344858
16,310000000,1,2.59587436,27.35792245,1.16e-06,1.227e-05,6.89268226,72.64198513,
16,310000000,2,1.61574412,24.79497419,1.95e-06,2.991e-05,4.90066653,75.20491563,
16,310000000,3,1.60634616,24.68694902,1.1e-06,1.685e-05,4.9005111,75.31294965,
16,310000000,4,1.61270765,24.74596681,1.77e-06,2.719e-05,4.90433824,75.25393159,
16,310000000,5,1.60482496,24.66224514,1.08e-06,1.664e-05,4.9023826,75.33766235,
16,310000000,avg,1.80709945,25.42623954,1.41e-06,1.988e-05,5.30011614,74.57366145,
16,310000000,avg,,,,,,,7.107223
16,330000000,1,2.66177644,33.24492098,2.4e-06,3e-05,5.34477626,66.75491671,
16,330000000,2,2.66616257,31.64948503,2.94e-06,3.485e-05,5.75785709,68.35037521,
16,330000000,3,2.60542913,29.54584637,2.38e-06,2.703e-05,6.21281615,70.45400288,
16,330000000,4,2.59312828,29.44545071,2.88e-06,3.265e-05,6.21340867,70.55440335,
16,330000000,5,2.5990228,29.52521583,2.05e-06,2.334e-05,6.20368691,70.4746396,
16,330000000,avg,2.62510384,30.62550757,2.53e-06,2.952e-05,5.94650902,69.37434394,
16,330000000,avg,,,,,,,8.571626
16,350000000,1,1.80830964,24.65478571,1.25e-06,1.709e-05,5.52620187,75.34512862,
16,350000000,2,1.81484845,24.73384019,2.18e-06,2.976e-05,5.5226569,75.26607134,
16,350000000,3,1.80748891,24.66602268,1.12e-06,1.529e-05,5.52035354,75.33388702,
16,350000000,4,1.81697273,24.74663152,1.82e-06,2.482e-05,5.52532439,75.253285,
16,350000000,5,1.8097433,24.69230043,1.18e-06,1.614e-05,5.51943201,75.307627,
16,350000000,avg,1.81147261,24.69873602,1.51e-06,2.062e-05,5.52279374,75.30117988,
16,350000000,avg,,,,,,,7.334273
16,370000000,1,1.95822076,24.92289394,1.21e-06,1.545e-05,5.89888596,75.07698412,
16,370000000,2,1.96599506,24.99379722,1.85e-06,2.354e-05,5.89992843,75.00609624,
16,370000000,3,1.9580637,24.92110134,1.18e-06,1.505e-05,5.89897884,75.07878811,
16,370000000,4,1.96427645,24.98385356,2.57e-06,3.275e-05,5.89789697,75.01601647,
16,370000000,5,1.9561955,24.91583499,1.67e-06,2.133e-05,5.89500075,75.08394043,
16,370000000,avg,1.96055029,24.94751609,1.7e-06,2.162e-05,5.89813819,75.05234522,
16,370000000,avg,,,,,,,7.858699
16,390000000,1,2.01897952,24.69411201,2.11e-06,2.575e-05,6.15696881,75.30580459,
16,390000000,2,2.02546431,24.77426233,2.07e-06,2.535e-05,6.15020854,75.22565513,
16,390000000,3,2.01780416,24.68705364,1.84e-06,2.254e-05,6.15572034,75.31285806,
16,390000000,4,2.0250375,24.75057367,1.93e-06,2.364e-05,6.15673584,75.24934439,
16,390000000,5,2.01830486,24.70060698,1.57e-06,1.924e-05,6.15276305,75.29931917,
16,390000000,avg,2.02111807,24.72133004,1.91e-06,2.33e-05,6.15447931,75.27858795,
16,390000000,avg,,,,,,,8.175604
16,410000000,1,2.56458505,26.54635858,1.17e-06,1.215e-05,7.09618479,73.45354611,
16,410000000,2,2.96873808,28.99164539,2.92e-06,2.85e-05,7.27122801,71.00823934,
16,410000000,3,2.17490043,24.92620234,1.22e-06,1.4e-05,6.55045041,75.07371357,
16,410000000,4,2.18073385,24.9929201,1.8e-06,2.058e-05,6.5446648,75.00699115,
16,410000000,5,2.17358672,24.91695859,1.2e-06,1.378e-05,6.54972872,75.08295737,
16,410000000,avg,2.41250883,26.18032533,1.66e-06,1.804e-05,6.80245135,73.81958042,
16,410000000,avg,,,,,,,9.214969
16,430000000,1,2.22856906,24.74783389,1.12e-06,1.244e-05,6.77652952,75.25206652,
16,430000000,2,2.23619099,24.79958943,1.7e-06,1.888e-05,6.78084972,75.20032474,
16,430000000,3,2.22844778,24.74742448,1.07e-06,1.187e-05,6.77631147,75.2524953,
16,430000000,4,2.23665007,24.79817358,1.64e-06,1.822e-05,6.78275589,75.20173153,
16,430000000,5,2.22919068,24.75727981,1.08e-06,1.204e-05,6.77498274,75.24261815,
16,430000000,avg,2.23180972,24.77007742,1.32e-06,1.469e-05,6.77828587,75.22983006,
16,430000000,avg,,,,,,,9.010104
16,450000000,1,2.33901966,24.79129622,1.74e-06,1.845e-05,7.09581479,75.20862226,
16,450000000,2,2.34712638,24.82559384,2.5e-06,2.64e-05,7.10732752,75.17431857,
16,450000000,3,2.33784178,24.78913536,2.06e-06,2.189e-05,7.09306303,75.21077816,
16,450000000,4,2.3476222,24.8409817,2.51e-06,2.659e-05,7.10297081,75.15892789,
16,450000000,5,2.33859004,24.77120374,2.34e-06,2.476e-05,7.10216343,75.22872084,
16,450000000,avg,2.34204001,24.8036609,2.23e-06,2.362e-05,7.10026792,75.19625482,
16,450000000,avg,,,,,,,9.442316
16,470000000,1,2.43654362,24.73044852,1.36e-06,1.383e-05,7.41584993,75.26944869,
16,470000000,2,2.44530039,24.75989358,1.54e-06,1.563e-05,7.43074363,75.24000821,
16,470000000,3,2.43627329,24.72709218,1.1e-06,1.121e-05,7.41636623,75.27282445,
16,470000000,4,2.44492772,24.7607594,1.74e-06,1.764e-05,7.42926815,75.23916541,
16,470000000,5,2.43705236,24.72966441,1.28e-06,1.303e-05,7.41771319,75.27025721,
16,470000000,avg,2.44001948,24.74158825,1.41e-06,1.427e-05,7.42198823,75.25832417,
16,470000000,avg,,,,,,,9.862016